{
  "0": {
    "difficulty_level": 0,
    "mean_reward": 2701.0737812932757,
    "std_reward": 60.43979774130628,
    "mean_length": 623.0,
    "std_length": 38.91015291668744,
    "success_rate": 1.0,
    "collision_rate": 0.0,
    "timeout_rate": 0.0,
    "mean_final_distance": 0.29682497538539276,
    "mean_efficiency": 1.0,
    "episode_rewards": [
      2821.2284683271573,
      2666.231024345616,
      2662.380444747818,
      2673.9006585532916,
      2681.628310492495
    ],
    "episode_lengths": [
      700,
      597,
      599,
      606,
      613
    ],
    "final_distances": [
      0.29643996937017164,
      0.29586209312370365,
      0.29643204099436893,
      0.2988890497251852,
      0.2965017237135343
    ],
    "efficiency_scores": [
      1.0,
      1.0,
      1.0,
      1.0,
      1.0
    ]
  },
  "1": {
    "difficulty_level": 1,
    "mean_reward": 3033.9835116098257,
    "std_reward": 21.28929765336056,
    "mean_length": 674.2,
    "std_length": 9.21737489744233,
    "success_rate": 1.0,
    "collision_rate": 0.0,
    "timeout_rate": 0.0,
    "mean_final_distance": 0.29723590406640993,
    "mean_efficiency": 1.0,
    "episode_rewards": [
      3044.942895799817,
      3061.939059009237,
      3009.642992807654,
      3008.4496256410494,
      3044.9429847913707
    ],
    "episode_lengths": [
      682,
      683,
      664,
      662,
      680
    ],
    "final_distances": [
      0.2972057908657174,
      0.2988542662111446,
      0.29712443744955225,
      0.297726737279145,
      0.29526828852649034
    ],
    "efficiency_scores": [
      1.0,
      1.0,
      1.0,
      1.0,
      1.0
    ]
  },
  "2": {
    "difficulty_level": 2,
    "mean_reward": 3413.9104806886085,
    "std_reward": 5.5227266703644275,
    "mean_length": 729.6,
    "std_length": 7.7356318423254855,
    "success_rate": 1.0,
    "collision_rate": 0.0,
    "timeout_rate": 0.0,
    "mean_final_distance": 0.2968639931429641,
    "mean_efficiency": 1.0,
    "episode_rewards": [
      3407.9923004720913,
      3421.286987147163,
      3413.824118133285,
      3418.797480278008,
      3407.6515174124943
    ],
    "episode_lengths": [
      717,
      739,
      733,
      725,
      734
    ],
    "final_distances": [
      0.2985321404650182,
      0.29975204782633685,
      0.29797555178937013,
      0.2934787468426105,
      0.29458147879148466
    ],
    "efficiency_scores": [
      1.0,
      1.0,
      1.0,
      1.0,
      1.0
    ]
  },
  "3": {
    "difficulty_level": 3,
    "mean_reward": 3806.9412944712035,
    "std_reward": 40.53606280434113,
    "mean_length": 783.8,
    "std_length": 23.65079279855117,
    "success_rate": 1.0,
    "collision_rate": 0.0,
    "timeout_rate": 0.0,
    "mean_final_distance": 0.2957036754709611,
    "mean_efficiency": 1.0,
    "episode_rewards": [
      3800.744687386352,
      3777.1845599883527,
      3872.999642478797,
      3756.7096802329615,
      3827.067902269555
    ],
    "episode_lengths": [
      793,
      762,
      810,
      750,
      804
    ],
    "final_distances": [
      0.29524039140720626,
      0.29686136904080695,
      0.29443630283184935,
      0.29498961179705036,
      0.29699070227789254
    ],
    "efficiency_scores": [
      1.0,
      1.0,
      1.0,
      1.0,
      1.0
    ]
  },
  "4": {
    "difficulty_level": 4,
    "mean_reward": 3581.2621864173443,
    "std_reward": 1162.4144224383642,
    "mean_length": 732.4,
    "std_length": 167.83754049675537,
    "success_rate": 0.8,
    "collision_rate": 0.2,
    "timeout_rate": 0.0,
    "mean_final_distance": 0.9679754413591535,
    "mean_efficiency": 1.0,
    "episode_rewards": [
      4168.697022506589,
      4181.789704433802,
      1256.5621668018139,
      4147.7575701392925,
      4151.504468205225
    ],
    "episode_lengths": [
      815,
      829,
      397,
      810,
      811
    ],
    "final_distances": [
      0.2957139070265608,
      0.2968996747323652,
      3.660829752653378,
      0.29334808929523937,
      0.2930857830882241
    ],
    "efficiency_scores": [
      1.0,
      1.0,
      1.0,
      1.0,
      1.0
    ]
  },
  "5": {
    "difficulty_level": 5,
    "mean_reward": 4602.835541206118,
    "std_reward": 20.99242413307563,
    "mean_length": 892.8,
    "std_length": 16.28987415543779,
    "success_rate": 1.0,
    "collision_rate": 0.0,
    "timeout_rate": 0.0,
    "mean_final_distance": 0.29478207920386107,
    "mean_efficiency": 1.0,
    "episode_rewards": [
      4596.466017954619,
      4582.674266606889,
      4586.94578765436,
      4641.425771976588,
      4606.665861838133
    ],
    "episode_lengths": [
      888,
      882,
      874,
      921,
      899
    ],
    "final_distances": [
      0.2943728843972187,
      0.2953729637835914,
      0.29352498037681013,
      0.29544457200299434,
      0.29519499545869066
    ],
    "efficiency_scores": [
      1.0,
      1.0,
      1.0,
      1.0,
      1.0
    ]
  },
  "6": {
    "difficulty_level": 6,
    "mean_reward": 4921.195220623131,
    "std_reward": 30.766782932438005,
    "mean_length": 940.2,
    "std_length": 25.015195382007313,
    "success_rate": 1.0,
    "collision_rate": 0.0,
    "timeout_rate": 0.0,
    "mean_final_distance": 0.2956627219169437,
    "mean_efficiency": 1.0,
    "episode_rewards": [
      4882.377124247665,
      4896.961483178253,
      4935.981908974762,
      4920.273375210876,
      4970.382211504097
    ],
    "episode_lengths": [
      908,
      914,
      958,
      949,
      972
    ],
    "final_distances": [
      0.2955753387513922,
      0.29349744069103717,
      0.29671001550423204,
      0.2943270441766301,
      0.2982037704614271
    ],
    "efficiency_scores": [
      1.0,
      1.0,
      1.0,
      1.0,
      1.0
    ]
  },
  "7": {
    "difficulty_level": 7,
    "mean_reward": 2944.623454892816,
    "std_reward": 1118.3897015235555,
    "mean_length": 793.6,
    "std_length": 257.19922239384783,
    "success_rate": 0.0,
    "collision_rate": 0.4,
    "timeout_rate": 0.6,
    "mean_final_distance": 2.0379956068565024,
    "mean_efficiency": 0.9237362173983321,
    "episode_rewards": [
      1280.1798937691783,
      3879.154388721159,
      1914.493433989439,
      3814.2942665353185,
      3834.995291448984
    ],
    "episode_lengths": [
      409,
      1000,
      559,
      1000,
      1000
    ],
    "final_distances": [
      5.104651074038147,
      0.39358236227199916,
      3.7287142855276825,
      0.5289475561505763,
      0.4340827562941068
    ],
    "efficiency_scores": [
      1.0,
      0.8728936956638869,
      1.0,
      0.8728936956638869,
      0.8728936956638869
    ]
  }
}