{
  "0": {
    "difficulty_level": 0,
    "mean_reward": 2539.3465108854957,
    "std_reward": 26.669094515084005,
    "mean_length": 513.2,
    "std_length": 12.416118556135006,
    "success_rate": 1.0,
    "collision_rate": 0.0,
    "timeout_rate": 0.0,
    "mean_final_distance": 0.29669596920767227,
    "mean_efficiency": 1.0,
    "episode_rewards": [
      2554.858572779587,
      2514.375601781707,
      2540.1319831741857,
      2507.2565462721395,
      2580.10985041986
    ],
    "episode_lengths": [
      512,
      499,
      516,
      504,
      535
    ],
    "final_distances": [
      0.2956624231083891,
      0.2993498747535434,
      0.2979386153103844,
      0.29762517663499133,
      0.29290375623105297
    ],
    "efficiency_scores": [
      1.0,
      1.0,
      1.0,
      1.0,
      1.0
    ]
  },
  "1": {
    "difficulty_level": 1,
    "mean_reward": 2848.351123403979,
    "std_reward": 16.727986254383154,
    "mean_length": 558.0,
    "std_length": 23.29806858947754,
    "success_rate": 1.0,
    "collision_rate": 0.0,
    "timeout_rate": 0.0,
    "mean_final_distance": 0.29410479399412404,
    "mean_efficiency": 1.0,
    "episode_rewards": [
      2841.2809680860373,
      2843.9808320338198,
      2880.628007825144,
      2831.9677875597554,
      2843.8980215151387
    ],
    "episode_lengths": [
      552,
      562,
      600,
      531,
      545
    ],
    "final_distances": [
      0.29089741829417365,
      0.29977827690359904,
      0.29152289301070444,
      0.292554175432128,
      0.2957712063300151
    ],
    "efficiency_scores": [
      1.0,
      1.0,
      1.0,
      1.0,
      1.0
    ]
  },
  "2": {
    "difficulty_level": 2,
    "mean_reward": 2646.557330618173,
    "std_reward": 882.6177841719768,
    "mean_length": 583.4,
    "std_length": 115.57612210140985,
    "success_rate": 0.6,
    "collision_rate": 0.4,
    "timeout_rate": 0.0,
    "mean_final_distance": 0.9684691171196551,
    "mean_efficiency": 1.0,
    "episode_rewards": [
      3396.2502061026607,
      3349.6372653113067,
      1802.9095386212284,
      1356.7406102364475,
      3327.2490328192216
    ],
    "episode_lengths": [
      701,
      670,
      509,
      393,
      644
    ],
    "final_distances": [
      0.29913839929003544,
      0.29312869590132895,
      1.5440591464398377,
      2.413061950824861,
      0.29295739314221225
    ],
    "efficiency_scores": [
      1.0,
      1.0,
      1.0,
      1.0,
      1.0
    ]
  },
  "3": {
    "difficulty_level": 3,
    "mean_reward": 1939.0763608975772,
    "std_reward": 1637.86630096089,
    "mean_length": 480.8,
    "std_length": 317.05860656982645,
    "success_rate": 0.4,
    "collision_rate": 0.6,
    "timeout_rate": 0.0,
    "mean_final_distance": 3.0051554076644633,
    "mean_efficiency": 1.0,
    "episode_rewards": [
      582.1875863217429,
      1042.1147194981895,
      3908.336185250315,
      3931.893557170275,
      230.84975624736398
    ],
    "episode_lengths": [
      215,
      364,
      853,
      860,
      112
    ],
    "final_distances": [
      4.855547683805286,
      3.8324471418149177,
      0.29992356557136046,
      0.29799834980964307,
      5.739860297321111
    ],
    "efficiency_scores": [
      1.0,
      1.0,
      1.0,
      1.0,
      1.0
    ]
  }
}