{
  "0": {
    "difficulty_level": 0,
    "mean_reward": 2742.977358401399,
    "std_reward": 3.5875047777176445,
    "mean_length": 547.0,
    "std_length": 4.9396356140913875,
    "success_rate": 1.0,
    "collision_rate": 0.0,
    "timeout_rate": 0.0,
    "mean_final_distance": 0.2954139532170869,
    "mean_efficiency": 1.0,
    "episode_rewards": [
      2740.888534258862,
      2744.2210275631514,
      2747.69845899535,
      2744.8236150640805,
      2737.255156125553
    ],
    "episode_lengths": [
      541,
      552,
      551,
      550,
      541
    ],
    "final_distances": [
      0.29111600324708536,
      0.29762445163855805,
      0.292313940977148,
      0.29682075978466166,
      0.2991946104379815
    ],
    "efficiency_scores": [
      1.0,
      1.0,
      1.0,
      1.0,
      1.0
    ]
  },
  "1": {
    "difficulty_level": 1,
    "mean_reward": 3239.729171003074,
    "std_reward": 15.579082830730169,
    "mean_length": 677.0,
    "std_length": 26.855167100578615,
    "success_rate": 1.0,
    "collision_rate": 0.0,
    "timeout_rate": 0.0,
    "mean_final_distance": 0.2978038845681158,
    "mean_efficiency": 1.0,
    "episode_rewards": [
      3259.0225627071995,
      3242.719599156233,
      3253.1447779702576,
      3224.6324956535973,
      3219.126419528082
    ],
    "episode_lengths": [
      629,
      708,
      684,
      693,
      671
    ],
    "final_distances": [
      0.2957540190412282,
      0.29772691381713995,
      0.2984216103218117,
      0.2972932958357755,
      0.29982358382462376
    ],
    "efficiency_scores": [
      1.0,
      1.0,
      1.0,
      1.0,
      1.0
    ]
  },
  "2": {
    "difficulty_level": 2,
    "mean_reward": 3476.862178952854,
    "std_reward": 623.411757332939,
    "mean_length": 830.4,
    "std_length": 61.71417989408917,
    "success_rate": 0.8,
    "collision_rate": 0.2,
    "timeout_rate": 0.0,
    "mean_final_distance": 0.5566221670809434,
    "mean_efficiency": 1.0,
    "episode_rewards": [
      3842.4800889040052,
      3463.3426803582333,
      3912.615457010019,
      2273.888807399824,
      3891.983861092187
    ],
    "episode_lengths": [
      787,
      947,
      814,
      773,
      831
    ],
    "final_distances": [
      0.2996158720467794,
      0.2968608659382693,
      0.29787962193887224,
      1.5894900743828249,
      0.29926440109797064
    ],
    "efficiency_scores": [
      1.0,
      1.0,
      1.0,
      1.0,
      1.0
    ]
  },
  "3": {
    "difficulty_level": 3,
    "mean_reward": 3918.1687942248186,
    "std_reward": 1408.2121703295713,
    "mean_length": 863.8,
    "std_length": 169.59410367108876,
    "success_rate": 0.8,
    "collision_rate": 0.2,
    "timeout_rate": 0.0,
    "mean_final_distance": 1.139573940286319,
    "mean_efficiency": 1.0,
    "episode_rewards": [
      4662.233856377075,
      4628.5436583504925,
      4566.835778203924,
      1102.423721820218,
      4630.806956372384
    ],
    "episode_lengths": [
      957,
      941,
      958,
      525,
      938
    ],
    "final_distances": [
      0.2980635498206788,
      0.29096568621548957,
      0.29438511640074916,
      4.518298367800092,
      0.29615698119458594
    ],
    "efficiency_scores": [
      1.0,
      1.0,
      1.0,
      1.0,
      1.0
    ]
  }
}