{
  "0": {
    "difficulty_level": 0,
    "mean_reward": 2546.920418954137,
    "std_reward": 22.971458489086302,
    "mean_length": 513.8,
    "std_length": 17.88183435780569,
    "success_rate": 1.0,
    "collision_rate": 0.0,
    "timeout_rate": 0.0,
    "mean_final_distance": 0.2952308143671326,
    "mean_efficiency": 1.0,
    "episode_rewards": [
      2566.1848518028855,
      2542.9775244109333,
      2577.3808783230343,
      2512.283367700875,
      2535.775472532958
    ],
    "episode_lengths": [
      534,
      511,
      529,
      483,
      512
    ],
    "final_distances": [
      0.29364406913614755,
      0.2944921630329048,
      0.29545688854073926,
      0.29734093355823193,
      0.2952200175676395
    ],
    "efficiency_scores": [
      1.0,
      1.0,
      1.0,
      1.0,
      1.0
    ]
  },
  "1": {
    "difficulty_level": 1,
    "mean_reward": 2847.5959484700097,
    "std_reward": 39.4693687415671,
    "mean_length": 548.4,
    "std_length": 29.007585214905426,
    "success_rate": 1.0,
    "collision_rate": 0.0,
    "timeout_rate": 0.0,
    "mean_final_distance": 0.29431808871111353,
    "mean_efficiency": 1.0,
    "episode_rewards": [
      2840.42521943897,
      2813.719083569944,
      2815.9039419032633,
      2922.307540496804,
      2845.623956941068
    ],
    "episode_lengths": [
      541,
      523,
      522,
      601,
      555
    ],
    "final_distances": [
      0.2967011724520434,
      0.2967556881661674,
      0.2888741912213988,
      0.2981317232211782,
      0.2911276684947796
    ],
    "efficiency_scores": [
      1.0,
      1.0,
      1.0,
      1.0,
      1.0
    ]
  },
  "2": {
    "difficulty_level": 2,
    "mean_reward": 2838.6445911884307,
    "std_reward": 912.6687910563486,
    "mean_length": 557.4,
    "std_length": 131.61246141608325,
    "success_rate": 0.8,
    "collision_rate": 0.2,
    "timeout_rate": 0.0,
    "mean_final_distance": 0.902199750917919,
    "mean_efficiency": 1.0,
    "episode_rewards": [
      3313.7924962565303,
      1013.4304548501968,
      3280.945824764669,
      3292.0749177262187,
      3292.979262344539
    ],
    "episode_lengths": [
      643,
      295,
      617,
      614,
      618
    ],
    "final_distances": [
      0.2963158403020971,
      3.3271503208208077,
      0.2984447038242867,
      0.29402240306894034,
      0.2950654865734635
    ],
    "efficiency_scores": [
      1.0,
      1.0,
      1.0,
      1.0,
      1.0
    ]
  },
  "3": {
    "difficulty_level": 3,
    "mean_reward": 1391.4713581279261,
    "std_reward": 1230.1503956686083,
    "mean_length": 331.8,
    "std_length": 209.5303319331118,
    "success_rate": 0.2,
    "collision_rate": 0.8,
    "timeout_rate": 0.0,
    "mean_final_distance": 3.694345414209599,
    "mean_efficiency": 1.0,
    "episode_rewards": [
      308.3024068951963,
      693.0833084732294,
      3744.198145568371,
      1427.5293849722548,
      784.2435447305797
    ],
    "episode_lengths": [
      107,
      210,
      707,
      398,
      237
    ],
    "final_distances": [
      5.7456231396941755,
      4.773141999822711,
      0.2989811390361759,
      3.099384289809848,
      4.554596502685085
    ],
    "efficiency_scores": [
      1.0,
      1.0,
      1.0,
      1.0,
      1.0
    ]
  }
}