{
  "0": {
    "difficulty_level": 0,
    "mean_reward": 2627.7013724618578,
    "std_reward": 188.03764643091392,
    "mean_length": 559.0,
    "std_length": 81.45428165541699,
    "success_rate": 1.0,
    "collision_rate": 0.0,
    "timeout_rate": 0.0,
    "mean_final_distance": 0.2972802713529722,
    "mean_efficiency": 1.0,
    "episode_rewards": [
      2521.389981802553,
      3001.2673836275935,
      2575.581468932789,
      2513.84321410954,
      2526.424813836813
    ],
    "episode_lengths": [
      505,
      718,
      553,
      505,
      514
    ],
    "final_distances": [
      0.29885910291496803,
      0.2980702754043293,
      0.29814504670658876,
      0.2974844795183923,
      0.29384245222058286
    ],
    "efficiency_scores": [
      1.0,
      1.0,
      1.0,
      1.0,
      1.0
    ]
  },
  "1": {
    "difficulty_level": 1,
    "mean_reward": 2985.2356076824262,
    "std_reward": 254.5099119273674,
    "mean_length": 634.4,
    "std_length": 125.32134694456487,
    "success_rate": 1.0,
    "collision_rate": 0.0,
    "timeout_rate": 0.0,
    "mean_final_distance": 0.29697326668022733,
    "mean_efficiency": 1.0,
    "episode_rewards": [
      2832.17036479339,
      2838.478253567475,
      2892.608872272074,
      3492.3636635541916,
      2870.5568842249995
    ],
    "episode_lengths": [
      552,
      557,
      589,
      883,
      591
    ],
    "final_distances": [
      0.2969497032592913,
      0.2953140681575342,
      0.2987378418693706,
      0.2964806758621146,
      0.297384044252826
    ],
    "efficiency_scores": [
      1.0,
      1.0,
      1.0,
      1.0,
      1.0
    ]
  },
  "2": {
    "difficulty_level": 2,
    "mean_reward": 1968.1465736053883,
    "std_reward": 1288.330556042842,
    "mean_length": 457.0,
    "std_length": 242.60832632042948,
    "success_rate": 0.4,
    "collision_rate": 0.6,
    "timeout_rate": 0.0,
    "mean_final_distance": 2.177008389918661,
    "mean_efficiency": 1.0,
    "episode_rewards": [
      3358.0074934884906,
      87.60829870775342,
      1058.557099390775,
      3383.512090433389,
      1953.047886006534
    ],
    "episode_lengths": [
      680,
      47,
      332,
      691,
      535
    ],
    "final_distances": [
      0.2941765963501482,
      5.619770880977304,
      3.2534828756291554,
      0.29652676012446,
      1.4210848365122395
    ],
    "efficiency_scores": [
      1.0,
      1.0,
      1.0,
      1.0,
      1.0
    ]
  },
  "3": {
    "difficulty_level": 3,
    "mean_reward": 1684.1368967971976,
    "std_reward": 1226.2887317208656,
    "mean_length": 437.4,
    "std_length": 237.57996548530772,
    "success_rate": 0.2,
    "collision_rate": 0.8,
    "timeout_rate": 0.0,
    "mean_final_distance": 3.134632312227611,
    "mean_efficiency": 1.0,
    "episode_rewards": [
      1280.000165309757,
      548.990471675992,
      3894.5085892230272,
      2040.0090856623037,
      657.1761721149087
    ],
    "episode_lengths": [
      383,
      186,
      821,
      580,
      217
    ],
    "final_distances": [
      3.445901044719331,
      5.138153565325712,
      0.2981289619900313,
      1.9192872851306022,
      4.871690703972379
    ],
    "efficiency_scores": [
      1.0,
      1.0,
      1.0,
      1.0,
      1.0
    ]
  }
}