{
  "0": {
    "difficulty_level": 0,
    "mean_reward": 2518.5718295387924,
    "std_reward": 11.634149300916256,
    "mean_length": 478.6,
    "std_length": 10.384603988597735,
    "success_rate": 1.0,
    "collision_rate": 0.0,
    "timeout_rate": 0.0,
    "mean_final_distance": 0.2961804279028621,
    "mean_efficiency": 1.0,
    "episode_rewards": [
      2509.415477491915,
      2530.0033743306994,
      2503.0911865755916,
      2533.4027344696224,
      2516.9463748261333
    ],
    "episode_lengths": [
      468,
      488,
      466,
      492,
      479
    ],
    "final_distances": [
      0.2934464005731963,
      0.2981557991225824,
      0.2914458697059106,
      0.29797530427489416,
      0.2998787658377269
    ],
    "efficiency_scores": [
      1.0,
      1.0,
      1.0,
      1.0,
      1.0
    ]
  },
  "1": {
    "difficulty_level": 1,
    "mean_reward": 2853.0978743322194,
    "std_reward": 7.847594689063309,
    "mean_length": 543.2,
    "std_length": 6.04648658313239,
    "success_rate": 1.0,
    "collision_rate": 0.0,
    "timeout_rate": 0.0,
    "mean_final_distance": 0.2950978594929826,
    "mean_efficiency": 1.0,
    "episode_rewards": [
      2852.233452670276,
      2845.9562016651034,
      2863.363788716495,
      2843.3589397594333,
      2860.576988849789
    ],
    "episode_lengths": [
      548,
      537,
      550,
      535,
      546
    ],
    "final_distances": [
      0.29681101321316394,
      0.29206320304043054,
      0.29603745820496297,
      0.29495493476421547,
      0.2956226882421402
    ],
    "efficiency_scores": [
      1.0,
      1.0,
      1.0,
      1.0,
      1.0
    ]
  },
  "2": {
    "difficulty_level": 2,
    "mean_reward": 3301.880820930004,
    "std_reward": 19.19712171223403,
    "mean_length": 608.4,
    "std_length": 13.395521639712282,
    "success_rate": 1.0,
    "collision_rate": 0.0,
    "timeout_rate": 0.0,
    "mean_final_distance": 0.29528765302029175,
    "mean_efficiency": 1.0,
    "episode_rewards": [
      3284.2996005415916,
      3292.645616516471,
      3339.020304426551,
      3299.5152792856097,
      3293.9233038797975
    ],
    "episode_lengths": [
      592,
      598,
      631,
      610,
      611
    ],
    "final_distances": [
      0.294876716053982,
      0.2910250066052174,
      0.29676403636728144,
      0.2964873712716065,
      0.2972851348033714
    ],
    "efficiency_scores": [
      1.0,
      1.0,
      1.0,
      1.0,
      1.0
    ]
  },
  "3": {
    "difficulty_level": 3,
    "mean_reward": 3726.761621173065,
    "std_reward": 23.057520309167487,
    "mean_length": 684.8,
    "std_length": 19.436048981210146,
    "success_rate": 1.0,
    "collision_rate": 0.0,
    "timeout_rate": 0.0,
    "mean_final_distance": 0.2959825161168449,
    "mean_efficiency": 1.0,
    "episode_rewards": [
      3737.52855168283,
      3693.1098522096872,
      3721.5933957248926,
      3718.5431523861553,
      3763.033153861761
    ],
    "episode_lengths": [
      689,
      657,
      677,
      684,
      717
    ],
    "final_distances": [
      0.29559935682719546,
      0.2949791392446819,
      0.2978068182430252,
      0.294143525767329,
      0.2973837405019928
    ],
    "efficiency_scores": [
      1.0,
      1.0,
      1.0,
      1.0,
      1.0
    ]
  }
}