{
  "0": {
    "difficulty_level": 0,
    "mean_reward": 2701.0737812932757,
    "std_reward": 60.43979774130628,
    "mean_length": 623.0,
    "std_length": 38.91015291668744,
    "success_rate": 1.0,
    "collision_rate": 0.0,
    "timeout_rate": 0.0,
    "mean_final_distance": 0.29682497538539276,
    "mean_efficiency": 1.0,
    "episode_rewards": [
      2821.2284683271573,
      2666.231024345616,
      2662.380444747818,
      2673.9006585532916,
      2681.628310492495
    ],
    "episode_lengths": [
      700,
      597,
      599,
      606,
      613
    ],
    "final_distances": [
      0.29643996937017164,
      0.29586209312370365,
      0.29643204099436893,
      0.2988890497251852,
      0.2965017237135343
    ],
    "efficiency_scores": [
      1.0,
      1.0,
      1.0,
      1.0,
      1.0
    ]
  },
  "1": {
    "difficulty_level": 1,
    "mean_reward": 3033.9835116098257,
    "std_reward": 21.28929765336056,
    "mean_length": 674.2,
    "std_length": 9.21737489744233,
    "success_rate": 1.0,
    "collision_rate": 0.0,
    "timeout_rate": 0.0,
    "mean_final_distance": 0.29723590406640993,
    "mean_efficiency": 1.0,
    "episode_rewards": [
      3044.942895799817,
      3061.939059009237,
      3009.642992807654,
      3008.4496256410494,
      3044.9429847913707
    ],
    "episode_lengths": [
      682,
      683,
      664,
      662,
      680
    ],
    "final_distances": [
      0.2972057908657174,
      0.2988542662111446,
      0.29712443744955225,
      0.297726737279145,
      0.29526828852649034
    ],
    "efficiency_scores": [
      1.0,
      1.0,
      1.0,
      1.0,
      1.0
    ]
  },
  "2": {
    "difficulty_level": 2,
    "mean_reward": 3413.9104806886085,
    "std_reward": 5.5227266703644275,
    "mean_length": 729.6,
    "std_length": 7.7356318423254855,
    "success_rate": 1.0,
    "collision_rate": 0.0,
    "timeout_rate": 0.0,
    "mean_final_distance": 0.2968639931429641,
    "mean_efficiency": 1.0,
    "episode_rewards": [
      3407.9923004720913,
      3421.286987147163,
      3413.824118133285,
      3418.797480278008,
      3407.6515174124943
    ],
    "episode_lengths": [
      717,
      739,
      733,
      725,
      734
    ],
    "final_distances": [
      0.2985321404650182,
      0.29975204782633685,
      0.29797555178937013,
      0.2934787468426105,
      0.29458147879148466
    ],
    "efficiency_scores": [
      1.0,
      1.0,
      1.0,
      1.0,
      1.0
    ]
  },
  "3": {
    "difficulty_level": 3,
    "mean_reward": 3806.9412944712035,
    "std_reward": 40.53606280434113,
    "mean_length": 783.8,
    "std_length": 23.65079279855117,
    "success_rate": 1.0,
    "collision_rate": 0.0,
    "timeout_rate": 0.0,
    "mean_final_distance": 0.2957036754709611,
    "mean_efficiency": 1.0,
    "episode_rewards": [
      3800.744687386352,
      3777.1845599883527,
      3872.999642478797,
      3756.7096802329615,
      3827.067902269555
    ],
    "episode_lengths": [
      793,
      762,
      810,
      750,
      804
    ],
    "final_distances": [
      0.29524039140720626,
      0.29686136904080695,
      0.29443630283184935,
      0.29498961179705036,
      0.29699070227789254
    ],
    "efficiency_scores": [
      1.0,
      1.0,
      1.0,
      1.0,
      1.0
    ]
  },
  "4": {
    "difficulty_level": 4,
    "mean_reward": 4170.526200309052,
    "std_reward": 12.808474145094795,
    "mean_length": 820.2,
    "std_length": 12.496399481450647,
    "success_rate": 1.0,
    "collision_rate": 0.0,
    "timeout_rate": 0.0,
    "mean_final_distance": 0.29671193550732616,
    "mean_efficiency": 1.0,
    "episode_rewards": [
      4168.697022506589,
      4181.789704433802,
      4174.3344217456615,
      4181.04971495182,
      4146.760137907389
    ],
    "episode_lengths": [
      815,
      829,
      815,
      839,
      803
    ],
    "final_distances": [
      0.2957139070265608,
      0.2968996747323652,
      0.2995661883839983,
      0.2974884908746838,
      0.2938914165190228
    ],
    "efficiency_scores": [
      1.0,
      1.0,
      1.0,
      1.0,
      1.0
    ]
  },
  "5": {
    "difficulty_level": 5,
    "mean_reward": 3923.9704008510425,
    "std_reward": 1379.3216873710185,
    "mean_length": 796.4,
    "std_length": 214.0173824716114,
    "success_rate": 0.8,
    "collision_rate": 0.2,
    "timeout_rate": 0.0,
    "mean_final_distance": 1.1314419605086208,
    "mean_efficiency": 1.0,
    "episode_rewards": [
      4568.6106350353075,
      4676.420831196578,
      4611.148674242766,
      4597.440260165007,
      1166.2316036155535
    ],
    "episode_lengths": [
      879,
      936,
      894,
      903,
      370
    ],
    "final_distances": [
      0.2984128963856912,
      0.2982452457848328,
      0.2971099025406029,
      0.299574479323302,
      4.463867278508675
    ],
    "efficiency_scores": [
      1.0,
      1.0,
      1.0,
      1.0,
      1.0
    ]
  },
  "6": {
    "difficulty_level": 6,
    "mean_reward": 4449.00874852294,
    "std_reward": 1027.3323609115153,
    "mean_length": 909.6,
    "std_length": 122.32187048929558,
    "success_rate": 0.8,
    "collision_rate": 0.2,
    "timeout_rate": 0.0,
    "mean_final_distance": 0.6961684774939758,
    "mean_efficiency": 1.0,
    "episode_rewards": [
      4986.495901761169,
      2394.933106415643,
      4915.730462701511,
      4973.475927648658,
      4974.408344087715
    ],
    "episode_lengths": [
      986,
      668,
      933,
      979,
      982
    ],
    "final_distances": [
      0.29745797205215335,
      2.293197639222345,
      0.29925304197664143,
      0.29335358434465947,
      0.29758014987407944
    ],
    "efficiency_scores": [
      1.0,
      1.0,
      1.0,
      1.0,
      1.0
    ]
  },
  "7": {
    "difficulty_level": 7,
    "mean_reward": 3798.8359898056196,
    "std_reward": 45.496763368691965,
    "mean_length": 1000.0,
    "std_length": 0.0,
    "success_rate": 0.0,
    "collision_rate": 0.0,
    "timeout_rate": 1.0,
    "mean_final_distance": 0.5442452750014283,
    "mean_efficiency": 0.8728936956638869,
    "episode_rewards": [
      3861.208132721338,
      3830.3353042377566,
      3799.6718229605467,
      3729.3254911078548,
      3773.639198000601
    ],
    "episode_lengths": [
      1000,
      1000,
      1000,
      1000,
      1000
    ],
    "final_distances": [
      0.4167864606688943,
      0.500696482764825,
      0.5059442786898045,
      0.6538320439409481,
      0.6439671089426697
    ],
    "efficiency_scores": [
      0.8728936956638869,
      0.8728936956638869,
      0.8728936956638869,
      0.8728936956638869,
      0.8728936956638869
    ]
  }
}