{
  "0": {
    "difficulty_level": 0,
    "mean_reward": 2591.4407091274857,
    "std_reward": 9.705888580758359,
    "mean_length": 566.4,
    "std_length": 10.480458005259122,
    "success_rate": 1.0,
    "collision_rate": 0.0,
    "timeout_rate": 0.0,
    "mean_final_distance": 0.29723036968581396,
    "mean_efficiency": 1.0,
    "episode_rewards": [
      2601.65553272143,
      2581.637771766633,
      2583.273617040366,
      2604.6405478827655,
      2585.9960762262344
    ],
    "episode_lengths": [
      574,
      548,
      562,
      577,
      571
    ],
    "final_distances": [
      0.2952870931314278,
      0.29840989052349814,
      0.29914996025077245,
      0.29549760476662995,
      0.2978072997567416
    ],
    "efficiency_scores": [
      1.0,
      1.0,
      1.0,
      1.0,
      1.0
    ]
  },
  "1": {
    "difficulty_level": 1,
    "mean_reward": 2563.7019912126984,
    "std_reward": 768.2996552085616,
    "mean_length": 584.4,
    "std_length": 133.4085454534304,
    "success_rate": 0.8,
    "collision_rate": 0.2,
    "timeout_rate": 0.0,
    "mean_final_distance": 0.7498790792449794,
    "mean_efficiency": 1.0,
    "episode_rewards": [
      2948.0185854533556,
      2975.0710839829117,
      2928.5932856090367,
      1027.4106489808473,
      2939.4163520373404
    ],
    "episode_lengths": [
      650,
      676,
      640,
      319,
      637
    ],
    "final_distances": [
      0.2984919380828733,
      0.2945411569984559,
      0.2976855580932628,
      2.5599393280577774,
      0.2987374149925279
    ],
    "efficiency_scores": [
      1.0,
      1.0,
      1.0,
      1.0,
      1.0
    ]
  },
  "2": {
    "difficulty_level": 2,
    "mean_reward": 1622.8055627440874,
    "std_reward": 1046.3388291378014,
    "mean_length": 443.8,
    "std_length": 226.6216229753904,
    "success_rate": 0.2,
    "collision_rate": 0.8,
    "timeout_rate": 0.0,
    "mean_final_distance": 2.5664732659490936,
    "mean_efficiency": 1.0,
    "episode_rewards": [
      1348.67484883219,
      1416.7637595109773,
      3499.5865352009423,
      269.15431002527475,
      1579.8483601510525
    ],
    "episode_lengths": [
      395,
      443,
      812,
      100,
      469
    ],
    "final_distances": [
      2.640377208720736,
      2.5332693884132884,
      0.2982719623319471,
      5.130667672111948,
      2.2297800981675486
    ],
    "efficiency_scores": [
      1.0,
      1.0,
      1.0,
      1.0,
      1.0
    ]
  },
  "3": {
    "difficulty_level": 3,
    "mean_reward": 817.5907517954707,
    "std_reward": 471.65005975303217,
    "mean_length": 264.0,
    "std_length": 140.26974014376728,
    "success_rate": 0.0,
    "collision_rate": 1.0,
    "timeout_rate": 0.0,
    "mean_final_distance": 4.552932818804416,
    "mean_efficiency": 1.0,
    "episode_rewards": [
      1407.4310829639435,
      543.2230680808425,
      1307.1649990156293,
      665.4135220572352,
      164.72108685970306
    ],
    "episode_lengths": [
      441,
      183,
      408,
      218,
      70
    ],
    "final_distances": [
      3.2183384758557847,
      5.151244495345406,
      3.420257536073509,
      4.844242703550342,
      6.130580883197037
    ],
    "efficiency_scores": [
      1.0,
      1.0,
      1.0,
      1.0,
      1.0
    ]
  }
}