{
  "0": {
    "difficulty_level": 0,
    "mean_reward": 2513.0522862925454,
    "std_reward": 14.111474878886536,
    "mean_length": 488.2,
    "std_length": 11.737120600896967,
    "success_rate": 1.0,
    "collision_rate": 0.0,
    "timeout_rate": 0.0,
    "mean_final_distance": 0.295299036048794,
    "mean_efficiency": 1.0,
    "episode_rewards": [
      2520.4974820390344,
      2492.4484871327877,
      2533.625851690769,
      2503.645739018917,
      2515.0438715812197
    ],
    "episode_lengths": [
      494,
      466,
      500,
      493,
      488
    ],
    "final_distances": [
      0.2997883064394831,
      0.2936489196308486,
      0.29239609084546975,
      0.2946804287489833,
      0.295981434579185
    ],
    "efficiency_scores": [
      1.0,
      1.0,
      1.0,
      1.0,
      1.0
    ]
  },
  "1": {
    "difficulty_level": 1,
    "mean_reward": 2871.9431076534092,
    "std_reward": 30.82291254137518,
    "mean_length": 580.8,
    "std_length": 27.657910260900042,
    "success_rate": 1.0,
    "collision_rate": 0.0,
    "timeout_rate": 0.0,
    "mean_final_distance": 0.2955305105385606,
    "mean_efficiency": 1.0,
    "episode_rewards": [
      2822.067774746567,
      2910.4928122237325,
      2853.665502808988,
      2888.225363701582,
      2885.2640847861767
    ],
    "episode_lengths": [
      533,
      608,
      567,
      601,
      595
    ],
    "final_distances": [
      0.29334006109314875,
      0.2939411637948491,
      0.29921026967876224,
      0.29188653232744627,
      0.29927452579859676
    ],
    "efficiency_scores": [
      1.0,
      1.0,
      1.0,
      1.0,
      1.0
    ]
  },
  "2": {
    "difficulty_level": 2,
    "mean_reward": 3346.0008185914194,
    "std_reward": 22.938091982417298,
    "mean_length": 671.4,
    "std_length": 23.73689111909982,
    "success_rate": 1.0,
    "collision_rate": 0.0,
    "timeout_rate": 0.0,
    "mean_final_distance": 0.2958670722201023,
    "mean_efficiency": 1.0,
    "episode_rewards": [
      3326.1885380480526,
      3346.904934439808,
      3339.9679454043508,
      3327.7303779754875,
      3389.212297089398
    ],
    "episode_lengths": [
      645,
      678,
      659,
      661,
      714
    ],
    "final_distances": [
      0.29415090466318045,
      0.29640938006882245,
      0.2950544199811495,
      0.2940165234697934,
      0.29970413291756554
    ],
    "efficiency_scores": [
      1.0,
      1.0,
      1.0,
      1.0,
      1.0
    ]
  },
  "3": {
    "difficulty_level": 3,
    "mean_reward": 1656.4958977349859,
    "std_reward": 1166.9732014809138,
    "mean_length": 439.8,
    "std_length": 223.85834806859447,
    "success_rate": 0.2,
    "collision_rate": 0.8,
    "timeout_rate": 0.0,
    "mean_final_distance": 3.178364507462499,
    "mean_efficiency": 1.0,
    "episode_rewards": [
      1447.330008469522,
      491.413011752069,
      1220.0587352141738,
      1224.2674507722259,
      3899.410282466939
    ],
    "episode_lengths": [
      417,
      161,
      388,
      385,
      848
    ],
    "final_distances": [
      3.0935782180682017,
      5.2767970785696665,
      3.6218934962049176,
      3.6033607030457544,
      0.2961930414239564
    ],
    "efficiency_scores": [
      1.0,
      1.0,
      1.0,
      1.0,
      1.0
    ]
  }
}