{
  "0": {
    "difficulty_level": 0,
    "mean_reward": 2627.7013724618578,
    "std_reward": 188.03764643091392,
    "mean_length": 559.0,
    "std_length": 81.45428165541699,
    "success_rate": 1.0,
    "collision_rate": 0.0,
    "timeout_rate": 0.0,
    "mean_final_distance": 0.2972802713529722,
    "mean_efficiency": 1.0,
    "episode_rewards": [
      2521.389981802553,
      3001.2673836275935,
      2575.581468932789,
      2513.84321410954,
      2526.424813836813
    ],
    "episode_lengths": [
      505,
      718,
      553,
      505,
      514
    ],
    "final_distances": [
      0.29885910291496803,
      0.2980702754043293,
      0.29814504670658876,
      0.2974844795183923,
      0.29384245222058286
    ],
    "efficiency_scores": [
      1.0,
      1.0,
      1.0,
      1.0,
      1.0
    ]
  },
  "1": {
    "difficulty_level": 1,
    "mean_reward": 2985.2356076824262,
    "std_reward": 254.5099119273674,
    "mean_length": 634.4,
    "std_length": 125.32134694456487,
    "success_rate": 1.0,
    "collision_rate": 0.0,
    "timeout_rate": 0.0,
    "mean_final_distance": 0.29697326668022733,
    "mean_efficiency": 1.0,
    "episode_rewards": [
      2832.17036479339,
      2838.478253567475,
      2892.608872272074,
      3492.3636635541916,
      2870.5568842249995
    ],
    "episode_lengths": [
      552,
      557,
      589,
      883,
      591
    ],
    "final_distances": [
      0.2969497032592913,
      0.2953140681575342,
      0.2987378418693706,
      0.2964806758621146,
      0.297384044252826
    ],
    "efficiency_scores": [
      1.0,
      1.0,
      1.0,
      1.0,
      1.0
    ]
  },
  "2": {
    "difficulty_level": 2,
    "mean_reward": 2040.523034787507,
    "std_reward": 1164.6812063796433,
    "mean_length": 502.0,
    "std_length": 192.4744138840277,
    "success_rate": 0.4,
    "collision_rate": 0.6,
    "timeout_rate": 0.0,
    "mean_final_distance": 1.9083769493663643,
    "mean_efficiency": 1.0,
    "episode_rewards": [
      871.0018827840686,
      958.4620102532208,
      3499.9274016544223,
      3385.3326123112492,
      1487.8912669345737
    ],
    "episode_lengths": [
      296,
      311,
      767,
      685,
      451
    ],
    "final_distances": [
      3.4853363530160686,
      3.276876703021987,
      0.2971184327655798,
      0.2990357885413408,
      2.1835174694868456
    ],
    "efficiency_scores": [
      1.0,
      1.0,
      1.0,
      1.0,
      1.0
    ]
  },
  "3": {
    "difficulty_level": 3,
    "mean_reward": 1510.8832927089302,
    "std_reward": 1022.8477559172582,
    "mean_length": 478.2,
    "std_length": 298.0230863540608,
    "success_rate": 0.0,
    "collision_rate": 0.8,
    "timeout_rate": 0.2,
    "mean_final_distance": 3.17251949341352,
    "mean_efficiency": 1.0,
    "episode_rewards": [
      796.1950416724467,
      245.0323260575533,
      3261.8093643933535,
      1739.3263168827948,
      1512.0534145385027
    ],
    "episode_lengths": [
      279,
      118,
      1000,
      526,
      468
    ],
    "final_distances": [
      4.347143226441146,
      5.707170002359182,
      0.6633293600860145,
      2.3500770364053523,
      2.794877841775905
    ],
    "efficiency_scores": [
      1.0,
      1.0,
      1.0,
      1.0,
      1.0
    ]
  }
}