{
  "0": {
    "difficulty_level": 0,
    "mean_reward": 2701.0737812932757,
    "std_reward": 60.43979774130628,
    "mean_length": 623.0,
    "std_length": 38.91015291668744,
    "success_rate": 1.0,
    "collision_rate": 0.0,
    "timeout_rate": 0.0,
    "mean_final_distance": 0.29682497538539276,
    "mean_efficiency": 1.0,
    "episode_rewards": [
      2821.2284683271573,
      2666.231024345616,
      2662.380444747818,
      2673.9006585532916,
      2681.628310492495
    ],
    "episode_lengths": [
      700,
      597,
      599,
      606,
      613
    ],
    "final_distances": [
      0.29643996937017164,
      0.29586209312370365,
      0.29643204099436893,
      0.2988890497251852,
      0.2965017237135343
    ],
    "efficiency_scores": [
      1.0,
      1.0,
      1.0,
      1.0,
      1.0
    ]
  },
  "1": {
    "difficulty_level": 1,
    "mean_reward": 3033.9835116098257,
    "std_reward": 21.28929765336056,
    "mean_length": 674.2,
    "std_length": 9.21737489744233,
    "success_rate": 1.0,
    "collision_rate": 0.0,
    "timeout_rate": 0.0,
    "mean_final_distance": 0.29723590406640993,
    "mean_efficiency": 1.0,
    "episode_rewards": [
      3044.942895799817,
      3061.939059009237,
      3009.642992807654,
      3008.4496256410494,
      3044.9429847913707
    ],
    "episode_lengths": [
      682,
      683,
      664,
      662,
      680
    ],
    "final_distances": [
      0.2972057908657174,
      0.2988542662111446,
      0.29712443744955225,
      0.297726737279145,
      0.29526828852649034
    ],
    "efficiency_scores": [
      1.0,
      1.0,
      1.0,
      1.0,
      1.0
    ]
  },
  "2": {
    "difficulty_level": 2,
    "mean_reward": 3413.9104806886085,
    "std_reward": 5.5227266703644275,
    "mean_length": 729.6,
    "std_length": 7.7356318423254855,
    "success_rate": 1.0,
    "collision_rate": 0.0,
    "timeout_rate": 0.0,
    "mean_final_distance": 0.2968639931429641,
    "mean_efficiency": 1.0,
    "episode_rewards": [
      3407.9923004720913,
      3421.286987147163,
      3413.824118133285,
      3418.797480278008,
      3407.6515174124943
    ],
    "episode_lengths": [
      717,
      739,
      733,
      725,
      734
    ],
    "final_distances": [
      0.2985321404650182,
      0.29975204782633685,
      0.29797555178937013,
      0.2934787468426105,
      0.29458147879148466
    ],
    "efficiency_scores": [
      1.0,
      1.0,
      1.0,
      1.0,
      1.0
    ]
  },
  "3": {
    "difficulty_level": 3,
    "mean_reward": 3806.9412944712035,
    "std_reward": 40.53606280434113,
    "mean_length": 783.8,
    "std_length": 23.65079279855117,
    "success_rate": 1.0,
    "collision_rate": 0.0,
    "timeout_rate": 0.0,
    "mean_final_distance": 0.2957036754709611,
    "mean_efficiency": 1.0,
    "episode_rewards": [
      3800.744687386352,
      3777.1845599883527,
      3872.999642478797,
      3756.7096802329615,
      3827.067902269555
    ],
    "episode_lengths": [
      793,
      762,
      810,
      750,
      804
    ],
    "final_distances": [
      0.29524039140720626,
      0.29686136904080695,
      0.29443630283184935,
      0.29498961179705036,
      0.29699070227789254
    ],
    "efficiency_scores": [
      1.0,
      1.0,
      1.0,
      1.0,
      1.0
    ]
  }
}