{
  "0": {
    "difficulty_level": 0,
    "mean_reward": 2701.0737812932757,
    "std_reward": 60.43979774130628,
    "mean_length": 623.0,
    "std_length": 38.91015291668744,
    "success_rate": 1.0,
    "collision_rate": 0.0,
    "timeout_rate": 0.0,
    "mean_final_distance": 0.29682497538539276,
    "mean_efficiency": 1.0,
    "episode_rewards": [
      2821.2284683271573,
      2666.231024345616,
      2662.380444747818,
      2673.9006585532916,
      2681.628310492495
    ],
    "episode_lengths": [
      700,
      597,
      599,
      606,
      613
    ],
    "final_distances": [
      0.29643996937017164,
      0.29586209312370365,
      0.29643204099436893,
      0.2988890497251852,
      0.2965017237135343
    ],
    "efficiency_scores": [
      1.0,
      1.0,
      1.0,
      1.0,
      1.0
    ]
  },
  "1": {
    "difficulty_level": 1,
    "mean_reward": 3033.9835116098257,
    "std_reward": 21.28929765336056,
    "mean_length": 674.2,
    "std_length": 9.21737489744233,
    "success_rate": 1.0,
    "collision_rate": 0.0,
    "timeout_rate": 0.0,
    "mean_final_distance": 0.29723590406640993,
    "mean_efficiency": 1.0,
    "episode_rewards": [
      3044.942895799817,
      3061.939059009237,
      3009.642992807654,
      3008.4496256410494,
      3044.9429847913707
    ],
    "episode_lengths": [
      682,
      683,
      664,
      662,
      680
    ],
    "final_distances": [
      0.2972057908657174,
      0.2988542662111446,
      0.29712443744955225,
      0.297726737279145,
      0.29526828852649034
    ],
    "efficiency_scores": [
      1.0,
      1.0,
      1.0,
      1.0,
      1.0
    ]
  },
  "2": {
    "difficulty_level": 2,
    "mean_reward": 3413.9104806886085,
    "std_reward": 5.5227266703644275,
    "mean_length": 729.6,
    "std_length": 7.7356318423254855,
    "success_rate": 1.0,
    "collision_rate": 0.0,
    "timeout_rate": 0.0,
    "mean_final_distance": 0.2968639931429641,
    "mean_efficiency": 1.0,
    "episode_rewards": [
      3407.9923004720913,
      3421.286987147163,
      3413.824118133285,
      3418.797480278008,
      3407.6515174124943
    ],
    "episode_lengths": [
      717,
      739,
      733,
      725,
      734
    ],
    "final_distances": [
      0.2985321404650182,
      0.29975204782633685,
      0.29797555178937013,
      0.2934787468426105,
      0.29458147879148466
    ],
    "efficiency_scores": [
      1.0,
      1.0,
      1.0,
      1.0,
      1.0
    ]
  },
  "3": {
    "difficulty_level": 3,
    "mean_reward": 3806.9412944712035,
    "std_reward": 40.53606280434113,
    "mean_length": 783.8,
    "std_length": 23.65079279855117,
    "success_rate": 1.0,
    "collision_rate": 0.0,
    "timeout_rate": 0.0,
    "mean_final_distance": 0.2957036754709611,
    "mean_efficiency": 1.0,
    "episode_rewards": [
      3800.744687386352,
      3777.1845599883527,
      3872.999642478797,
      3756.7096802329615,
      3827.067902269555
    ],
    "episode_lengths": [
      793,
      762,
      810,
      750,
      804
    ],
    "final_distances": [
      0.29524039140720626,
      0.29686136904080695,
      0.29443630283184935,
      0.29498961179705036,
      0.29699070227789254
    ],
    "efficiency_scores": [
      1.0,
      1.0,
      1.0,
      1.0,
      1.0
    ]
  },
  "4": {
    "difficulty_level": 4,
    "mean_reward": 3591.7453297589964,
    "std_reward": 1146.3165310634345,
    "mean_length": 737.2,
    "std_length": 163.23038932747787,
    "success_rate": 0.8,
    "collision_rate": 0.2,
    "timeout_rate": 0.0,
    "mean_final_distance": 0.952468914651258,
    "mean_efficiency": 1.0,
    "episode_rewards": [
      4168.697022506589,
      1299.1448520339763,
      4153.0958675063885,
      4169.6336112650315,
      4168.155295482997
    ],
    "episode_lengths": [
      815,
      411,
      809,
      828,
      823
    ],
    "final_distances": [
      0.2957139070265608,
      3.5804937918389466,
      0.2986615437082881,
      0.2940125064502702,
      0.29346282423222464
    ],
    "efficiency_scores": [
      1.0,
      1.0,
      1.0,
      1.0,
      1.0
    ]
  },
  "5": {
    "difficulty_level": 5,
    "mean_reward": 4599.516187542188,
    "std_reward": 22.40135387874877,
    "mean_length": 889.0,
    "std_length": 12.049896265113654,
    "success_rate": 1.0,
    "collision_rate": 0.0,
    "timeout_rate": 0.0,
    "mean_final_distance": 0.29504667397235246,
    "mean_efficiency": 1.0,
    "episode_rewards": [
      4635.303154216861,
      4596.106484167845,
      4603.6878933837725,
      4564.94057548212,
      4597.542830460341
    ],
    "episode_lengths": [
      906,
      889,
      879,
      873,
      898
    ],
    "final_distances": [
      0.29715256054761763,
      0.2973239657680527,
      0.29405053539727244,
      0.2935570393485194,
      0.2931492688003
    ],
    "efficiency_scores": [
      1.0,
      1.0,
      1.0,
      1.0,
      1.0
    ]
  },
  "6": {
    "difficulty_level": 6,
    "mean_reward": 4463.145121054005,
    "std_reward": 605.2022426919592,
    "mean_length": 973.8,
    "std_length": 24.983194351403505,
    "success_rate": 0.6,
    "collision_rate": 0.0,
    "timeout_rate": 0.4,
    "mean_final_distance": 0.3256287186047234,
    "mean_efficiency": 0.9463394799054583,
    "episode_rewards": [
      4939.829633857458,
      4974.126732730016,
      4957.63555341732,
      3714.8688087230257,
      3729.2648765422055
    ],
    "episode_lengths": [
      934,
      974,
      961,
      1000,
      1000
    ],
    "final_distances": [
      0.29982328096267225,
      0.2961045654788666,
      0.29501418796637496,
      0.3605646920678947,
      0.37663686654780876
    ],
    "efficiency_scores": [
      1.0,
      1.0,
      1.0,
      0.865848699763646,
      0.865848699763646
    ]
  },
  "7": {
    "difficulty_level": 7,
    "mean_reward": 3805.613285677589,
    "std_reward": 29.29360870822363,
    "mean_length": 1000.0,
    "std_length": 0.0,
    "success_rate": 0.0,
    "collision_rate": 0.0,
    "timeout_rate": 1.0,
    "mean_final_distance": 0.5313693090347476,
    "mean_efficiency": 0.8728936956638869,
    "episode_rewards": [
      3782.5561886383803,
      3788.9555056466197,
      3794.1995201481914,
      3799.207909561548,
      3863.1473043932056
    ],
    "episode_lengths": [
      1000,
      1000,
      1000,
      1000,
      1000
    ],
    "final_distances": [
      0.6513742286938935,
      0.5616896106166209,
      0.5200952749372968,
      0.526209364609148,
      0.3974780663167783
    ],
    "efficiency_scores": [
      0.8728936956638869,
      0.8728936956638869,
      0.8728936956638869,
      0.8728936956638869,
      0.8728936956638869
    ]
  }
}