{
  "0": {
    "difficulty_level": 0,
    "mean_reward": 2790.931168809271,
    "std_reward": 11.752060520865978,
    "mean_length": 578.4,
    "std_length": 15.982490419205636,
    "success_rate": 1.0,
    "collision_rate": 0.0,
    "timeout_rate": 0.0,
    "mean_final_distance": 0.29562188564099506,
    "mean_efficiency": 1.0,
    "episode_rewards": [
      2799.092459301566,
      2800.8763376381685,
      2791.074871614386,
      2795.194267749037,
      2768.417907743198
    ],
    "episode_lengths": [
      586,
      593,
      570,
      592,
      551
    ],
    "final_distances": [
      0.2972250265291536,
      0.29634208621959407,
      0.2916361204283707,
      0.29961434425667033,
      0.2932918507711867
    ],
    "efficiency_scores": [
      1.0,
      1.0,
      1.0,
      1.0,
      1.0
    ]
  },
  "1": {
    "difficulty_level": 1,
    "mean_reward": 3229.033933016035,
    "std_reward": 13.464044370264032,
    "mean_length": 663.0,
    "std_length": 11.661903789690601,
    "success_rate": 1.0,
    "collision_rate": 0.0,
    "timeout_rate": 0.0,
    "mean_final_distance": 0.29585457712069446,
    "mean_efficiency": 1.0,
    "episode_rewards": [
      3219.9161306997266,
      3249.0122855702502,
      3228.2279940644366,
      3210.3512910073914,
      3237.66196373837
    ],
    "episode_lengths": [
      655,
      681,
      669,
      647,
      663
    ],
    "final_distances": [
      0.29119077863788595,
      0.29531301193103865,
      0.2982564888062427,
      0.2987570137767373,
      0.29575559245156774
    ],
    "efficiency_scores": [
      1.0,
      1.0,
      1.0,
      1.0,
      1.0
    ]
  },
  "2": {
    "difficulty_level": 2,
    "mean_reward": 3048.951622257827,
    "std_reward": 1024.3621153150768,
    "mean_length": 692.6,
    "std_length": 157.60279185344402,
    "success_rate": 0.6,
    "collision_rate": 0.4,
    "timeout_rate": 0.0,
    "mean_final_distance": 1.241793231576247,
    "mean_efficiency": 1.0,
    "episode_rewards": [
      3899.659712290042,
      1889.1355337850982,
      3870.178873471872,
      3881.965877724404,
      1703.8181140177185
    ],
    "episode_lengths": [
      835,
      510,
      819,
      809,
      490
    ],
    "final_distances": [
      0.29538604106451205,
      2.4641851369250762,
      0.2945062344808707,
      0.297612673843547,
      2.8572760715672287
    ],
    "efficiency_scores": [
      1.0,
      1.0,
      1.0,
      1.0,
      1.0
    ]
  },
  "3": {
    "difficulty_level": 3,
    "mean_reward": 2184.5921691469034,
    "std_reward": 1853.1832935542711,
    "mean_length": 500.0,
    "std_length": 355.83254488593366,
    "success_rate": 0.4,
    "collision_rate": 0.6,
    "timeout_rate": 0.0,
    "mean_final_distance": 3.7890125999876254,
    "mean_efficiency": 1.0,
    "episode_rewards": [
      432.6783408160409,
      4476.515194667911,
      4417.151643073812,
      901.8405773999839,
      694.7750897767692
    ],
    "episode_lengths": [
      149,
      961,
      904,
      275,
      211
    ],
    "final_distances": [
      6.731325170657384,
      0.2953644322797197,
      0.2981400406730051,
      5.560765464641636,
      6.059467891686382
    ],
    "efficiency_scores": [
      1.0,
      1.0,
      1.0,
      1.0,
      1.0
    ]
  }
}