{
  "0": {
    "difficulty_level": 0,
    "mean_reward": 2701.0737812932757,
    "std_reward": 60.43979774130628,
    "mean_length": 623.0,
    "std_length": 38.91015291668744,
    "success_rate": 1.0,
    "collision_rate": 0.0,
    "timeout_rate": 0.0,
    "mean_final_distance": 0.29682497538539276,
    "mean_efficiency": 1.0,
    "episode_rewards": [
      2821.2284683271573,
      2666.231024345616,
      2662.380444747818,
      2673.9006585532916,
      2681.628310492495
    ],
    "episode_lengths": [
      700,
      597,
      599,
      606,
      613
    ],
    "final_distances": [
      0.29643996937017164,
      0.29586209312370365,
      0.29643204099436893,
      0.2988890497251852,
      0.2965017237135343
    ],
    "efficiency_scores": [
      1.0,
      1.0,
      1.0,
      1.0,
      1.0
    ]
  },
  "1": {
    "difficulty_level": 1,
    "mean_reward": 3033.9835116098257,
    "std_reward": 21.28929765336056,
    "mean_length": 674.2,
    "std_length": 9.21737489744233,
    "success_rate": 1.0,
    "collision_rate": 0.0,
    "timeout_rate": 0.0,
    "mean_final_distance": 0.29723590406640993,
    "mean_efficiency": 1.0,
    "episode_rewards": [
      3044.942895799817,
      3061.939059009237,
      3009.642992807654,
      3008.4496256410494,
      3044.9429847913707
    ],
    "episode_lengths": [
      682,
      683,
      664,
      662,
      680
    ],
    "final_distances": [
      0.2972057908657174,
      0.2988542662111446,
      0.29712443744955225,
      0.297726737279145,
      0.29526828852649034
    ],
    "efficiency_scores": [
      1.0,
      1.0,
      1.0,
      1.0,
      1.0
    ]
  },
  "2": {
    "difficulty_level": 2,
    "mean_reward": 3413.9104806886085,
    "std_reward": 5.5227266703644275,
    "mean_length": 729.6,
    "std_length": 7.7356318423254855,
    "success_rate": 1.0,
    "collision_rate": 0.0,
    "timeout_rate": 0.0,
    "mean_final_distance": 0.2968639931429641,
    "mean_efficiency": 1.0,
    "episode_rewards": [
      3407.9923004720913,
      3421.286987147163,
      3413.824118133285,
      3418.797480278008,
      3407.6515174124943
    ],
    "episode_lengths": [
      717,
      739,
      733,
      725,
      734
    ],
    "final_distances": [
      0.2985321404650182,
      0.29975204782633685,
      0.29797555178937013,
      0.2934787468426105,
      0.29458147879148466
    ],
    "efficiency_scores": [
      1.0,
      1.0,
      1.0,
      1.0,
      1.0
    ]
  },
  "3": {
    "difficulty_level": 3,
    "mean_reward": 3806.9412944712035,
    "std_reward": 40.53606280434113,
    "mean_length": 783.8,
    "std_length": 23.65079279855117,
    "success_rate": 1.0,
    "collision_rate": 0.0,
    "timeout_rate": 0.0,
    "mean_final_distance": 0.2957036754709611,
    "mean_efficiency": 1.0,
    "episode_rewards": [
      3800.744687386352,
      3777.1845599883527,
      3872.999642478797,
      3756.7096802329615,
      3827.067902269555
    ],
    "episode_lengths": [
      793,
      762,
      810,
      750,
      804
    ],
    "final_distances": [
      0.29524039140720626,
      0.29686136904080695,
      0.29443630283184935,
      0.29498961179705036,
      0.29699070227789254
    ],
    "efficiency_scores": [
      1.0,
      1.0,
      1.0,
      1.0,
      1.0
    ]
  },
  "4": {
    "difficulty_level": 4,
    "mean_reward": 4170.526200309052,
    "std_reward": 12.808474145094795,
    "mean_length": 820.2,
    "std_length": 12.496399481450647,
    "success_rate": 1.0,
    "collision_rate": 0.0,
    "timeout_rate": 0.0,
    "mean_final_distance": 0.29671193550732616,
    "mean_efficiency": 1.0,
    "episode_rewards": [
      4168.697022506589,
      4181.789704433802,
      4174.3344217456615,
      4181.04971495182,
      4146.760137907389
    ],
    "episode_lengths": [
      815,
      829,
      815,
      839,
      803
    ],
    "final_distances": [
      0.2957139070265608,
      0.2968996747323652,
      0.2995661883839983,
      0.2974884908746838,
      0.2938914165190228
    ],
    "efficiency_scores": [
      1.0,
      1.0,
      1.0,
      1.0,
      1.0
    ]
  },
  "5": {
    "difficulty_level": 5,
    "mean_reward": 4604.523568289549,
    "std_reward": 39.53511402577083,
    "mean_length": 897.6,
    "std_length": 21.58332689832594,
    "success_rate": 1.0,
    "collision_rate": 0.0,
    "timeout_rate": 0.0,
    "mean_final_distance": 0.29836471484844396,
    "mean_efficiency": 1.0,
    "episode_rewards": [
      4568.6106350353075,
      4676.420831196578,
      4611.148674242766,
      4597.440260165007,
      4568.997440808089
    ],
    "episode_lengths": [
      879,
      936,
      894,
      903,
      876
    ],
    "final_distances": [
      0.2984128963856912,
      0.2982452457848328,
      0.2971099025406029,
      0.299574479323302,
      0.298481050207791
    ],
    "efficiency_scores": [
      1.0,
      1.0,
      1.0,
      1.0,
      1.0
    ]
  },
  "6": {
    "difficulty_level": 6,
    "mean_reward": 3655.885887108589,
    "std_reward": 1425.0995091142518,
    "mean_length": 844.0,
    "std_length": 256.30918828633514,
    "success_rate": 0.4,
    "collision_rate": 0.2,
    "timeout_rate": 0.4,
    "mean_final_distance": 1.2997546333510634,
    "mean_efficiency": 0.9463394799054583,
    "episode_rewards": [
      4932.158081112022,
      4906.488985505624,
      3743.548716840858,
      1018.9411769227736,
      3678.2924751616665
    ],
    "episode_lengths": [
      950,
      936,
      1000,
      334,
      1000
    ],
    "final_distances": [
      0.2963372695622667,
      0.29941170745938434,
      0.3026879440738198,
      5.200930927653439,
      0.39940531800640694
    ],
    "efficiency_scores": [
      1.0,
      1.0,
      0.865848699763646,
      1.0,
      0.865848699763646
    ]
  },
  "7": {
    "difficulty_level": 7,
    "mean_reward": 3792.0594080990995,
    "std_reward": 50.787431052141166,
    "mean_length": 1000.0,
    "std_length": 0.0,
    "success_rate": 0.0,
    "collision_rate": 0.0,
    "timeout_rate": 1.0,
    "mean_final_distance": 0.5584623690861311,
    "mean_efficiency": 0.8728936956638869,
    "episode_rewards": [
      3725.625753320608,
      3808.5111146940326,
      3816.0311534356442,
      3865.478980995569,
      3744.6500380496436
    ],
    "episode_lengths": [
      1000,
      1000,
      1000,
      1000,
      1000
    ],
    "final_distances": [
      0.6925349348567458,
      0.4978308058536978,
      0.5374662798249829,
      0.42117259503551735,
      0.6433072298597119
    ],
    "efficiency_scores": [
      0.8728936956638869,
      0.8728936956638869,
      0.8728936956638869,
      0.8728936956638869,
      0.8728936956638869
    ]
  }
}