{
  "0": {
    "difficulty_level": 0,
    "mean_reward": 2627.7013724618578,
    "std_reward": 188.03764643091392,
    "mean_length": 559.0,
    "std_length": 81.45428165541699,
    "success_rate": 1.0,
    "collision_rate": 0.0,
    "timeout_rate": 0.0,
    "mean_final_distance": 0.2972802713529722,
    "mean_efficiency": 1.0,
    "episode_rewards": [
      2521.389981802553,
      3001.2673836275935,
      2575.581468932789,
      2513.84321410954,
      2526.424813836813
    ],
    "episode_lengths": [
      505,
      718,
      553,
      505,
      514
    ],
    "final_distances": [
      0.29885910291496803,
      0.2980702754043293,
      0.29814504670658876,
      0.2974844795183923,
      0.29384245222058286
    ],
    "efficiency_scores": [
      1.0,
      1.0,
      1.0,
      1.0,
      1.0
    ]
  },
  "1": {
    "difficulty_level": 1,
    "mean_reward": 2985.2356076824262,
    "std_reward": 254.5099119273674,
    "mean_length": 634.4,
    "std_length": 125.32134694456487,
    "success_rate": 1.0,
    "collision_rate": 0.0,
    "timeout_rate": 0.0,
    "mean_final_distance": 0.29697326668022733,
    "mean_efficiency": 1.0,
    "episode_rewards": [
      2832.17036479339,
      2838.478253567475,
      2892.608872272074,
      3492.3636635541916,
      2870.5568842249995
    ],
    "episode_lengths": [
      552,
      557,
      589,
      883,
      591
    ],
    "final_distances": [
      0.2969497032592913,
      0.2953140681575342,
      0.2987378418693706,
      0.2964806758621146,
      0.297384044252826
    ],
    "efficiency_scores": [
      1.0,
      1.0,
      1.0,
      1.0,
      1.0
    ]
  },
  "2": {
    "difficulty_level": 2,
    "mean_reward": 2743.811691454798,
    "std_reward": 836.4594833095242,
    "mean_length": 629.6,
    "std_length": 117.60884320492231,
    "success_rate": 0.6,
    "collision_rate": 0.4,
    "timeout_rate": 0.0,
    "mean_final_distance": 0.8611145953369546,
    "mean_efficiency": 1.0,
    "episode_rewards": [
      1665.3792126104236,
      1782.808226339519,
      3551.366593051702,
      3338.9232143089175,
      3380.581210963428
    ],
    "episode_lengths": [
      491,
      503,
      800,
      663,
      691
    ],
    "final_distances": [
      1.8290940393170956,
      1.5797591549869872,
      0.2997572973476481,
      0.299616984775263,
      0.297345500257779
    ],
    "efficiency_scores": [
      1.0,
      1.0,
      1.0,
      1.0,
      1.0
    ]
  },
  "3": {
    "difficulty_level": 3,
    "mean_reward": 1835.6315453395248,
    "std_reward": 1455.344881099899,
    "mean_length": 508.4,
    "std_length": 334.8651071700364,
    "success_rate": 0.2,
    "collision_rate": 0.6,
    "timeout_rate": 0.2,
    "mean_final_distance": 2.9825870479283387,
    "mean_efficiency": 1.0,
    "episode_rewards": [
      3871.5274554751813,
      3288.8524222038686,
      286.48582227528095,
      704.6736475527287,
      1026.6183791905642
    ],
    "episode_lengths": [
      806,
      1000,
      134,
      255,
      347
    ],
    "final_distances": [
      0.29767666643147844,
      0.6165310517363565,
      5.599280457757554,
      4.565777192377765,
      3.8336698713385404
    ],
    "efficiency_scores": [
      1.0,
      1.0,
      1.0,
      1.0,
      1.0
    ]
  }
}