{
  "0": {
    "difficulty_level": 0,
    "mean_reward": 2513.0522862925454,
    "std_reward": 14.111474878886536,
    "mean_length": 488.2,
    "std_length": 11.737120600896967,
    "success_rate": 1.0,
    "collision_rate": 0.0,
    "timeout_rate": 0.0,
    "mean_final_distance": 0.295299036048794,
    "mean_efficiency": 1.0,
    "episode_rewards": [
      2520.4974820390344,
      2492.4484871327877,
      2533.625851690769,
      2503.645739018917,
      2515.0438715812197
    ],
    "episode_lengths": [
      494,
      466,
      500,
      493,
      488
    ],
    "final_distances": [
      0.2997883064394831,
      0.2936489196308486,
      0.29239609084546975,
      0.2946804287489833,
      0.295981434579185
    ],
    "efficiency_scores": [
      1.0,
      1.0,
      1.0,
      1.0,
      1.0
    ]
  },
  "1": {
    "difficulty_level": 1,
    "mean_reward": 2871.9431076534092,
    "std_reward": 30.82291254137518,
    "mean_length": 580.8,
    "std_length": 27.657910260900042,
    "success_rate": 1.0,
    "collision_rate": 0.0,
    "timeout_rate": 0.0,
    "mean_final_distance": 0.2955305105385606,
    "mean_efficiency": 1.0,
    "episode_rewards": [
      2822.067774746567,
      2910.4928122237325,
      2853.665502808988,
      2888.225363701582,
      2885.2640847861767
    ],
    "episode_lengths": [
      533,
      608,
      567,
      601,
      595
    ],
    "final_distances": [
      0.29334006109314875,
      0.2939411637948491,
      0.29921026967876224,
      0.29188653232744627,
      0.29927452579859676
    ],
    "efficiency_scores": [
      1.0,
      1.0,
      1.0,
      1.0,
      1.0
    ]
  },
  "2": {
    "difficulty_level": 2,
    "mean_reward": 1758.8836756586302,
    "std_reward": 855.6770269309944,
    "mean_length": 444.6,
    "std_length": 131.0230514069948,
    "success_rate": 0.2,
    "collision_rate": 0.8,
    "timeout_rate": 0.0,
    "mean_final_distance": 2.153081155258392,
    "mean_efficiency": 1.0,
    "episode_rewards": [
      3326.1885380480526,
      1329.47179678455,
      1884.904716797173,
      1447.438866712153,
      806.4144599512219
    ],
    "episode_lengths": [
      645,
      398,
      514,
      416,
      250
    ],
    "final_distances": [
      0.29415090466318045,
      2.6881782756671013,
      1.556508979851188,
      2.414440446700685,
      3.8121271694098064
    ],
    "efficiency_scores": [
      1.0,
      1.0,
      1.0,
      1.0,
      1.0
    ]
  },
  "3": {
    "difficulty_level": 3,
    "mean_reward": 1720.0002254553897,
    "std_reward": 1721.5242996299994,
    "mean_length": 379.4,
    "std_length": 334.0458651143582,
    "success_rate": 0.4,
    "collision_rate": 0.6,
    "timeout_rate": 0.0,
    "mean_final_distance": 3.555409853422521,
    "mean_efficiency": 1.0,
    "episode_rewards": [
      483.52310963720083,
      3785.852722607553,
      271.0422462746501,
      3864.2106217965484,
      195.37242696099565
    ],
    "episode_lengths": [
      149,
      750,
      100,
      823,
      75
    ],
    "final_distances": [
      5.290409739486657,
      0.29247577240730815,
      5.84769243330583,
      0.2986155121109252,
      6.047855809801885
    ],
    "efficiency_scores": [
      1.0,
      1.0,
      1.0,
      1.0,
      1.0
    ]
  }
}