{
  "0": {
    "difficulty_level": 0,
    "mean_reward": 1392.0708396583796,
    "std_reward": 4.182183399638118,
    "mean_length": 231.8,
    "std_length": 4.1182520563948,
    "success_rate": 1.0,
    "collision_rate": 0.0,
    "timeout_rate": 0.0,
    "mean_final_distance": 0.2957327112182523,
    "mean_efficiency": 1.0,
    "episode_rewards": [
      1389.0021045729518,
      1393.6572769209743,
      1388.7703018188477,
      1389.305317349732,
      1399.6191976293921
    ],
    "episode_lengths": [
      227,
      227,
      235,
      233,
      237
    ],
    "final_distances": [
      0.29406505497807967,
      0.29293661980150887,
      0.2998231140361426,
      0.2954748968414483,
      0.29636387043408186
    ],
    "efficiency_scores": [
      1.0,
      1.0,
      1.0,
      1.0,
      1.0
    ]
  },
  "1": {
    "difficulty_level": 1,
    "mean_reward": 1860.784342084825,
    "std_reward": 88.50631384428826,
    "mean_length": 315.8,
    "std_length": 39.17346040369679,
    "success_rate": 1.0,
    "collision_rate": 0.0,
    "timeout_rate": 0.0,
    "mean_final_distance": 0.29811490263659185,
    "mean_efficiency": 1.0,
    "episode_rewards": [
      1893.772818416357,
      1798.2327726706862,
      1797.2462170496583,
      2020.9018649086356,
      1793.768037378788
    ],
    "episode_lengths": [
      296,
      292,
      298,
      394,
      299
    ],
    "final_distances": [
      0.2948907560472881,
      0.29842775310701664,
      0.2992831030445276,
      0.29901565184830614,
      0.2989572491358209
    ],
    "efficiency_scores": [
      1.0,
      1.0,
      1.0,
      1.0,
      1.0
    ]
  },
  "2": {
    "difficulty_level": 2,
    "mean_reward": 2506.5704208433626,
    "std_reward": 98.08235900368052,
    "mean_length": 442.6,
    "std_length": 40.93213896194529,
    "success_rate": 1.0,
    "collision_rate": 0.0,
    "timeout_rate": 0.0,
    "mean_final_distance": 0.2967499128184854,
    "mean_efficiency": 1.0,
    "episode_rewards": [
      2437.100267857313,
      2510.20522159338,
      2426.1222294569016,
      2693.927083849907,
      2465.4973014593124
    ],
    "episode_lengths": [
      421,
      409,
      448,
      520,
      415
    ],
    "final_distances": [
      0.2992653985506478,
      0.2966591865992078,
      0.29214253547476815,
      0.2971290958312235,
      0.2985533476365795
    ],
    "efficiency_scores": [
      1.0,
      1.0,
      1.0,
      1.0,
      1.0
    ]
  },
  "3": {
    "difficulty_level": 3,
    "mean_reward": 1900.4647503599524,
    "std_reward": 1503.5847508988002,
    "mean_length": 395.4,
    "std_length": 213.21031869963517,
    "success_rate": 0.6,
    "collision_rate": 0.4,
    "timeout_rate": 0.0,
    "mean_final_distance": 1.8000121371901379,
    "mean_efficiency": 1.0,
    "episode_rewards": [
      3052.0465285182,
      161.42446492612362,
      3155.0321990847588,
      3172.677566051483,
      -38.857006780803204
    ],
    "episode_lengths": [
      558,
      129,
      597,
      552,
      141
    ],
    "final_distances": [
      0.2945028275537219,
      4.01649124894946,
      0.29662282069366364,
      0.2966348015849847,
      4.0958089871688586
    ],
    "efficiency_scores": [
      1.0,
      1.0,
      1.0,
      1.0,
      1.0
    ]
  }
}